Mercedes Sprinter (2006-2016), 2014 г.;https://bamper.by//zapchast_blok-upravleniya-avtonomnym-otopitelem/9317-20270336/;20270336;75;Минск
Volkswagen Crafter (2006-2016), 2016 г.;https://bamper.by//zapchast_blok-upravleniya-avtonomnym-otopitelem/9317-20270340/;20270340;75;Минск
Volkswagen Sharan 2001-2005, 2003 г.;https://bamper.by//zapchast_blok-upravleniya-avtonomnym-otopitelem/9317-87312285/;87312285;140;Минск
Seat Alhambra 2000-2005, 2003 г.;https://bamper.by//zapchast_blok-upravleniya-avtonomnym-otopitelem/9317-87312290/;87312290;140;Минск
Mercedes Vito W447 (2014-2022), 2014 г.;https://bamper.by//zapchast_blok-upravleniya-avtonomnym-otopitelem/9317-72380077/;72380077;75;Минск
Mercedes Vito (1996-2022), 1996 г.;https://bamper.by//zapchast_blok-upravleniya-avtonomnym-otopitelem/9317-72380093/;72380093;75;Минск
Volkswagen Amarok (2014--), 2017 г.;https://bamper.by//zapchast_blok-upravleniya-avtonomnym-otopitelem/62512-88572351/;88572351;59;Минск
Volkswagen Arteon (2014--), 2017 г.;https://bamper.by//zapchast_blok-upravleniya-avtonomnym-otopitelem/62512-88572351_1/;88572351_1;59;Минск
Volkswagen Crafter (2014--), 2017 г.;https://bamper.by//zapchast_blok-upravleniya-avtonomnym-otopitelem/62512-88572351_2/;88572351_2;59;Минск
Volkswagen Caravelle (2014--), 2017 г.;https://bamper.by//zapchast_blok-upravleniya-avtonomnym-otopitelem/62512-88572351_3/;88572351_3;59;Минск
Volkswagen Multivan (2014--), 2017 г.;https://bamper.by//zapchast_blok-upravleniya-avtonomnym-otopitelem/62512-88572351_4/;88572351_4;59;Минск
Volkswagen Golf (2014--), 2017 г.;https://bamper.by//zapchast_blok-upravleniya-avtonomnym-otopitelem/62512-88572351_5/;88572351_5;59;Минск
Volkswagen Passat (2014--), 2017 г.;https://bamper.by//zapchast_blok-upravleniya-avtonomnym-otopitelem/62512-88572351_6/;88572351_6;59;Минск
Volkswagen Touareg (2014--), 2017 г.;https://bamper.by//zapchast_blok-upravleniya-avtonomnym-otopitelem/62512-88572351_7/;88572351_7;59;Минск
Volkswagen Touran (2014--), 2017 г.;https://bamper.by//zapchast_blok-upravleniya-avtonomnym-otopitelem/62512-88572351_8/;88572351_8;59;Минск
Volkswagen Transporter (2014--), 2017 г.;https://bamper.by//zapchast_blok-upravleniya-avtonomnym-otopitelem/62512-88572351_9/;88572351_9;59;Минск
Volkswagen Transporter, 2008 г.;https://bamper.by//zapchast_blok-upravleniya-avtonomnym-otopitelem/6472-59994451/;59994451;31;Минск
Volkswagen Transporter 5, 2006 г.;https://bamper.by//zapchast_blok-upravleniya-avtonomnym-otopitelem/42348-51965337/;51965337;23;Минск
Audi A6 C5, 2002 г.;https://bamper.by//zapchast_blok-upravleniya-avtonomnym-otopitelem/42348-51965348/;51965348;19;Минск
Volkswagen Touareg 7L6, 2005 г.;https://bamper.by//zapchast_blok-upravleniya-avtonomnym-otopitelem/42348-51965360/;51965360;23;Минск
ГАЗ 2705, 2015 г.;https://bamper.by//zapchast_blok-upravleniya-avtonomnym-otopitelem/141626-2705-8121020/;2705-8121020;220;Минск
Volkswagen Touran 2, 2011 г.;https://bamper.by//zapchast_blok-upravleniya-avtonomnym-otopitelem/6669-15563.88H5/;15563.88H5;47;Минск
Volkswagen Passat B6, 2010 г.;https://bamper.by//zapchast_blok-upravleniya-avtonomnym-otopitelem/6669-13188.88A5/;13188.88A5;47;Минск
Volkswagen Passat B6, 2007 г.;https://bamper.by//zapchast_blok-upravleniya-avtonomnym-otopitelem/6669-2772.64S13/;2772.64S13;29;Минск
Audi 80, 1995 г.;https://bamper.by//zapchast_blok-upravleniya-avtonomnym-otopitelem/83692-81468292/;81468292;20;Столин
Volkswagen Touran 1T0, 2009 г.;https://bamper.by//zapchast_blok-upravleniya-avtonomnym-otopitelem/122832-1k0815065ag/;1k0815065ag;30;Минск
Mercedes GLK X204 4×4, 2013 г.;https://bamper.by//zapchast_blok-upravleniya-avtonomnym-otopitelem/36381-62643463/;62643463;70;Минск
Audi Q7, 2009 г.;https://bamper.by//zapchast_blok-upravleniya-avtonomnym-otopitelem/36381-83560740/;83560740;50;Минск
BMW 5 E39, 2000 г.;https://bamper.by//zapchast_blok-upravleniya-avtonomnym-otopitelem/30-6512416/;6512416;13;Минск
Audi A6, 2001 г.;https://bamper.by//zapchast_blok-upravleniya-avtonomnym-otopitelem/30-7345127/;7345127;23;Минск
Toyota Land Cruiser, 2003 г.;https://bamper.by//zapchast_blok-upravleniya-avtonomnym-otopitelem/36400-42667218/;42667218;167;Минск
Volkswagen Transporter, 2006 г.;https://bamper.by//zapchast_blok-upravleniya-avtonomnym-otopitelem/2401-49124603/;49124603;35;Минск
Volkswagen Transporter, 2008 г.;https://bamper.by//zapchast_blok-upravleniya-avtonomnym-otopitelem/18221-35971024/;35971024;95;Гомель
Volkswagen Touran 1, 2006 г.;https://bamper.by//zapchast_blok-upravleniya-avtonomnym-otopitelem/19063-B29270991/;B29270991;47;Гродно
Audi A6 С5, 2001 г.;https://bamper.by//zapchast_blok-upravleniya-avtonomnym-otopitelem/264-57236059/;57236059;13;Минск
Audi A8 D2, 2001 г.;https://bamper.by//zapchast_blok-upravleniya-avtonomnym-otopitelem/264-57236059_1/;57236059_1;13;Минск
Volkswagen Sharan, 2013 г.;https://bamper.by//zapchast_blok-upravleniya-avtonomnym-otopitelem/29197-37869582/;37869582;59;Минск
Audi Q7, 2010 г.;https://bamper.by//zapchast_blok-upravleniya-avtonomnym-otopitelem/29197-72265002/;72265002;83;Минск
Volkswagen Multivan, 2014 г.;https://bamper.by//zapchast_blok-upravleniya-avtonomnym-otopitelem/29197-50730169/;50730169;59;Минск
Audi Q7, 2013 г.;https://bamper.by//zapchast_blok-upravleniya-avtonomnym-otopitelem/29197-50730184/;50730184;59;Минск
Mercedes Vito W447, 2016 г.;https://bamper.by//zapchast_blok-upravleniya-avtonomnym-otopitelem/7682-38192658/;38192658;83;Минск
Iveco Stralis, 2008 г.;https://bamper.by//zapchast_blok-upravleniya-avtonomnym-otopitelem/108314-83560693/;83560693;67;Минск
Lifan X60, 2017 г.;https://bamper.by//zapchast_blok-upravleniya-avtonomnym-otopitelem/9153-37100919/;37100919;174;Минск
Mercedes Sprinter, 2000 г.;https://bamper.by//zapchast_blok-upravleniya-avtonomnym-otopitelem/199-84362922/;84362922;54;Минск
Ford Transit, 2006 г.;https://bamper.by//zapchast_blok-upravleniya-avtonomnym-otopitelem/18905-242OTH00170/;242OTH00170;59;Минск
Ford Transit Connect, 2006 г.;https://bamper.by//zapchast_blok-upravleniya-avtonomnym-otopitelem/18905-242OTH00171/;242OTH00171;59;Минск
Ford Mondeo, 2006 г.;https://bamper.by//zapchast_blok-upravleniya-avtonomnym-otopitelem/18905-242OTH00172/;242OTH00172;59;Минск
Mercedes Sprinter, 2002 г.;https://bamper.by//zapchast_blok-upravleniya-avtonomnym-otopitelem/18905-242OTH00300/;242OTH00300;53;Минск
Mercedes Vito, 2002 г.;https://bamper.by//zapchast_blok-upravleniya-avtonomnym-otopitelem/18905-242OTH00301/;242OTH00301;53;Минск
BMW 5 E39, 2002 г.;https://bamper.by//zapchast_blok-upravleniya-avtonomnym-otopitelem/18905-242OTH00440/;242OTH00440;64;Минск
BMW 7 E38, 2000 г.;https://bamper.by//zapchast_blok-upravleniya-avtonomnym-otopitelem/18905-242OTH00441/;242OTH00441;64;Минск
BMW 3 E46, 2001 г.;https://bamper.by//zapchast_blok-upravleniya-avtonomnym-otopitelem/18905-242OTH00442/;242OTH00442;64;Минск
Mercedes E W210, 2000 г.;https://bamper.by//zapchast_blok-upravleniya-avtonomnym-otopitelem/18905-242OTH00443/;242OTH00443;64;Минск
Mercedes C W202, 2000 г.;https://bamper.by//zapchast_blok-upravleniya-avtonomnym-otopitelem/18905-242OTH00444/;242OTH00444;64;Минск
Volkswagen Sharan, 1997 г.;https://bamper.by//zapchast_blok-upravleniya-avtonomnym-otopitelem/18905-Oth00040/;Oth00040;37;Минск
Seat Alhambra, 1998 г.;https://bamper.by//zapchast_blok-upravleniya-avtonomnym-otopitelem/18905-Oth00041/;Oth00041;37;Минск
Ford Galaxy, 1997 г.;https://bamper.by//zapchast_blok-upravleniya-avtonomnym-otopitelem/18905-Oth00042/;Oth00042;37;Минск
Volkswagen Transporter, 1998 г.;https://bamper.by//zapchast_blok-upravleniya-avtonomnym-otopitelem/18905-Oth00043/;Oth00043;37;Минск
BMW X5 E53, 2003 г.;https://bamper.by//zapchast_blok-upravleniya-avtonomnym-otopitelem/10792-00051617/;00051617;61;Минск
Volkswagen Passat, 1999 г.;https://bamper.by//zapchast_blok-upravleniya-avtonomnym-otopitelem/8792-1017960/;1017960;21;Минск
Volkswagen Phaeton, 2004 г.;https://bamper.by//zapchast_blok-upravleniya-avtonomnym-otopitelem/59384-79942022/;79942022;43;Пинск
Mercedes Sprinter, 2002 г.;https://bamper.by//zapchast_blok-upravleniya-avtonomnym-otopitelem/251-4PFN/;4PFN;56;Минск
BMW 5 E39, 2002 г.;https://bamper.by//zapchast_blok-upravleniya-avtonomnym-otopitelem/10300-54665395/;54665395;49;Минск
Volkswagen Passat, 2012 г.;https://bamper.by//zapchast_blok-upravleniya-avtonomnym-otopitelem/10300-43350760/;43350760;74;Минск
Mercedes S W140 5000, 1997 г.;https://bamper.by//zapchast_blok-upravleniya-avtonomnym-otopitelem/23132-33228516/;33228516;40;Минск
Mercedes GLE, 2015 г.;https://bamper.by//zapchast_blok-upravleniya-avtonomnym-otopitelem/20169-47304634/;47304634;40;Минск
Audi A8, 2015 г.;https://bamper.by//zapchast_blok-upravleniya-avtonomnym-otopitelem/20169-47304686/;47304686;30;Минск
Mercedes E W211, 2003 г.;https://bamper.by//zapchast_blok-upravleniya-avtonomnym-otopitelem/35930-34683599/;34683599;24;Минск
Mazda 3 (BL) 2009-2013, 2010 г.;https://bamper.by//zapchast_blok-upravleniya-avtonomnym-otopitelem/113704-00-00159655/;00-00159655;50;Минск
Mazda 3 (BK) 2003-2009, 2004 г.;https://bamper.by//zapchast_blok-upravleniya-avtonomnym-otopitelem/113704-00-00159670/;00-00159670;48;Минск
Mazda 3 (BL) 2009-2013, 2010 г.;https://bamper.by//zapchast_blok-upravleniya-avtonomnym-otopitelem/113704-00-00159674/;00-00159674;67;Минск
Mazda 3 (BM/BN) 2013-2018, 2014 г.;https://bamper.by//zapchast_blok-upravleniya-avtonomnym-otopitelem/113704-00-00159682/;00-00159682;70;Минск
Renault Trafic 2001-2014, 2002 г.;https://bamper.by//zapchast_blok-upravleniya-avtonomnym-otopitelem/113704-00-00159651/;00-00159651;38;Минск
